Top queries,Clicks,Impressions,CTR,Position
lo de victor kosher,15,122,12.3%,1.88
lo de victor,5,66,7.58%,3.09
parrilla kosher lo de victor,4,13,30.77%,1.85
kosher near me,2,4,50%,7.25
parrilla kosher,1,10,10%,1.5
kosher buenos aires,1,10,10%,8.5
kosher steakhouse buenos aires,1,8,12.5%,3.75
restaurant cacher buenos aires,0,8,0%,4.88
restaurante kosher,0,7,0%,12.71
restaurantes kosher,0,6,0%,7
restaurant kosher buenos aires,0,5,0%,7.6
restaurante kosher buenos aires,0,5,0%,8
victor,0,4,0%,4
victor's,0,4,0%,4
carne kosher,0,4,0%,6.75
restaurantes kosher en buenos aires,0,4,0%,13.25
kosher,0,4,0%,17
victor parrilla,0,3,0%,1.33
víctor grill,0,3,0%,3.67
halal food in buenos aires,0,3,0%,13.33
kosher restaurants buenos aires,0,3,0%,17.67
halal food buenos aires,0,2,0%,15.5
restaurante kosher caba,0,2,0%,17
kosher argentina,0,2,0%,27
parrilla don victor,0,2,0%,32.5
buenos aires kosher,0,1,0%,1
de victor,0,1,0%,1
la parrilla de victor,0,1,0%,1
kosher food near me,0,1,0%,2
le victor,0,1,0%,2
roast kosher,0,1,0%,2
asado kosher,0,1,0%,3
victor restaurante,0,1,0%,3
asado halal,0,1,0%,4
food near me,0,1,0%,4
restaurante victor,0,1,0%,4
buenos aires kosher restaurants,0,1,0%,6
kosher market near me,0,1,0%,6
meat restaurant kosher,0,1,0%,7
victor restaurant,0,1,0%,7
restaurante kosher palermo,0,1,0%,8
steak halal,0,1,0%,8
halal steak,0,1,0%,9
kosher restaurant near me,0,1,0%,9
comida al paso,0,1,0%,10
kosher delivery,0,1,0%,10
kosher restaurant,0,1,0%,11
halal food near me,0,1,0%,12
restaurant kasher,0,1,0%,12
מסעדות כשרות בבואנוס איירס,0,1,0%,12
resto kasher,0,1,0%,13
kosher carne,0,1,0%,14
best kosher restaurants buenos aires,0,1,0%,15
chorizos kosher,0,1,0%,15
kosher restaurant buenos aires,0,1,0%,20
kosher restaurants in buenos aires,0,1,0%,21
restaurantes kosher buenos aires,0,1,0%,21
parrillas cerca de mi,0,1,0%,25
restaurant kosher,0,1,0%,25
jewish restaurant buenos aires,0,1,0%,26
kosher restaurants near me,0,1,0%,27
cafeteria kosher,0,1,0%,30
parrilla cerca,0,1,0%,35
מעדנייה כשרה,0,1,0%,36
parrilla perto de mim,0,1,0%,37
parrilla,0,1,0%,78